Trip,Date,Night,Tech,Reach,FishID,Site,Express_Sex,US_Sex,Dissect_Sex,ForkLength,Body_WGT,Gonad_WGT,GSI,US_Stage,US_Gonad_Daim,Caliper_Daim,Field_Sex,Field Comments,Histo_Sex,Exp_Accuracy,US_Accuracy,Histo_Stage,Phase,Sex_Phase,Intercept,Slope,sigma,nsamps,CF,Pred.Weight
19-Feb,10-Feb-19,5,MG,1C,RB128,661,U,F,F,240,150,0.4,0.266666667,,,,,,F,0,1,2,1,1,,,,,1.015671615,147.6855292
19-Feb,10-Feb-19,5,MG,1C,RB131,85,U,F,F,251,152,0.4,0.263157895,,,,,,F,0,1,2,1,1,,,,,0.90426975,168.0914352
19-Feb,11-Feb-19,6,EJ,1C,RB162,86,U,U,U,200,72,0.2,0.277777778,,,,,,F,0,0,2,1,1,,,,,0.825410504,87.22932363
19-Feb,11-Feb-19,6,EJ,1C,RB163,87,U,F,U,217,98,0.9,0.918367347,,,,,,F,0,1,2,1,1,,,,,0.887651491,110.40369
19-Feb,11-Feb-19,6,EJ,1C,RB165,88,U,U,U,208,101,0.1,0.099009901,,,,,,F,0,0,2,1,1,,,,,1.033871551,97.69105257
19-Feb,11-Feb-19,6,EJ,1C,RB168,666,U,U,F,231,128,0.2,0.15625,,,,,,F,0,0,2,1,1,,,,,0.967855883,132.2510947
19-Feb,11-Feb-19,6,EJ,1C,RB175,93,U,F,F,209,103,0.1,0.097087379,,,,,,F,0,1,2,1,1,,,,,1.039840846,99.05362
19-Feb,11-Feb-19,6,EJ,1C,RB178,671,U,U,U,252,176,0.1,0.056818182,,,,,,F,0,0,2,1,1,,,,,1.035094566,170.0327737
19-Feb,11-Feb-19,6,EJ,1C,RB180,672,U,U,F,204,85,1,1.176470588,,,,,,F,0,0,2,1,1,,,,,0.920278179,92.36337653
19-Feb,06-Feb-19,1,MG,1B,RB22,53,U,F,F,303,267,0.7,0.262172285,,,,,,F,0,1,2,1,1,,,,,0.91760837,290.9738061
19-Feb,06-Feb-19,1,MG,1B,RB3,623,U,U,F,229,134,0.3,0.223880597,,,,,,F,0,0,2,1,1,,,,,1.048120202,127.8479317
19-Feb,07-Feb-19,2,MG,1B,RB33,47,U,U,F,218,113,0.4,0.353982301,,,,,,F,0,0,2,1,1,,,,,1.021350549,110.6378217
19-Feb,07-Feb-19,2,MG,1B,RB44,52,U,F,F,220,111,0.4,0.36036036,,,,,,F,0,1,2,1,1,,,,,0.976721326,113.645517
19-Feb,07-Feb-19,2,MG,1B,RB46,631,U,U,F,245,159,0.3,0.188679245,,,,,,F,0,0,2,1,1,,,,,1.019904339,155.8969737
19-Feb,08-Feb-19,3,EJ,1A,RB59,592,U,U,F,190,83.5,0.2,0.239520958,,,,,,F,0,0,2,1,1,,,,,1.061056924,78.69511814
19-Feb,09-Feb-19,4,EJ,1A,RB88,594,U,F,F,248,160,0.9,0.5625,,,,,,F,0,1,2,1,1,,,,,0.9357152,170.9921993
19-Feb,09-Feb-19,4,EJ,1A,RB89,15,U,U,F,242,153,0.2,0.130718954,,,,,,F,0,0,2,1,1,,,,,0.960945412,159.2182012
19-Feb,09-Feb-19,4,EJ,1A,RB97,19,U,U,F,263,195,0.5,0.256410256,,,,,,F,0,0,2,1,1,,,,,0.961092004,202.8942071
19-Feb,06-Feb-19,1,MG,1B,RB10,626,U,F,F,295,278,1.2,0.431654676,,,,,,F,0,1,3,2,2,,,,,1.033524176,268.9825807
19-Feb,09-Feb-19,4,EJ,1A,RB103,601,U,U,U,271,196,0.8,0.408163265,,,,,,F,0,0,3,2,2,,,,,0.885274541,221.4002446
19-Feb,09-Feb-19,4,EJ,1A,RB107,603,U,F,F,261,177,2,1.129943503,,,,,,F,0,1,3,2,2,,,,,0.891991912,198.4322926
19-Feb,09-Feb-19,4,EJ,1A,RB109,604,U,F,F,327,333,0.9,0.27027027,,,,,,F,0,1,3,2,2,,,,,0.870218031,382.6627212
19-Feb,06-Feb-19,1,MG,1B,RB11,49,U,F,F,239,164,0.5,0.304878049,,,,,,F,0,1,3,2,2,,,,,1.131442057,144.9477673
19-Feb,10-Feb-19,5,MG,1C,RB129,84,U,U,F,236,172,0.4,0.23255814,,,,,,F,0,0,3,2,2,,,,,1.222561471,140.6882223
19-Feb,06-Feb-19,1,MG,1B,RB13,50,U,U,F,220,98,0.5,0.510204082,,,,,,F,0,0,3,2,2,,,,,0.86233054,113.645517
19-Feb,10-Feb-19,5,MG,1C,RB130,662,U,F,F,238,123,0.3,0.243902439,,,,,,F,0,1,3,2,2,,,,,0.853223841,144.1591223
19-Feb,10-Feb-19,5,MG,1C,RB136,88,U,F,F,214,112,0.3,0.267857143,,,,,,F,0,1,3,2,2,,,,,1.056075987,106.0529748
19-Feb,10-Feb-19,5,MG,1C,RB138,666,U,U,F,337,278,1.2,0.431654676,,,,,,F,0,0,3,2,2,,,,,0.706255373,393.6253241
19-Feb,10-Feb-19,5,MG,1C,RB141,90,U,U,F,280,235,0.8,0.340425532,,,,,,F,0,0,3,2,2,,,,,1.019500845,230.5049585
19-Feb,10-Feb-19,5,MG,1C,RB144,91,U,F,F,243,162,0.3,0.185185185,,,,,,F,0,1,3,2,2,,,,,1.058269352,153.0801206
19-Feb,10-Feb-19,5,MG,1C,RB146,92,U,M,F,332,353,1,0.283286119,,,,,,F,0,0,3,2,2,,,,,0.93635394,376.9941953
19-Feb,10-Feb-19,5,MG,1C,RB147,93,U,U,F,255,168,0.6,0.357142857,,,,,,F,0,0,3,2,2,,,,,0.954846066,175.9445904
19-Feb,10-Feb-19,5,MG,1C,RB151,95,U,F,F,300,284,0.5,0.176056338,,,,,,F,0,1,3,2,2,,,,,1.009495248,281.3287141
19-Feb,11-Feb-19,6,EJ,1C,RB164,664,U,U,F,225,121,1.2,0.991735537,,,,,,F,0,0,4,2,2,,,,,0.987175527,122.5719202
19-Feb,06-Feb-19,1,MG,1B,RB17,629,U,F,F,301,294,1.2,0.408163265,,,,,,F,0,1,3,2,2,,,,,1.03024529,285.3689338
19-Feb,11-Feb-19,6,EJ,1C,RB171,91,U,U,F,271,193,0.4,0.207253886,,,,,,F,0,0,4,2,2,,,,,0.920140442,209.7505893
19-Feb,11-Feb-19,6,EJ,1C,RB176,670,U,U,F,248,135,0.1,0.074074074,,,,,,F,0,0,3,2,2,,,,,0.831513753,162.3545005
19-Feb,06-Feb-19,1,MG,1B,RB19,629,U,F,F,286,221,0.8,0.36199095,,,,,,F,0,1,3,2,2,,,,,0.899887749,245.5861859
19-Feb,06-Feb-19,1,MG,1B,RB27,55,U,U,F,247,162,0.3,0.185185185,,,,,,F,0,0,3,2,2,,,,,1.014628759,159.6643094
19-Feb,07-Feb-19,2,MG,1B,RB38,49,U,U,F,269,221,0.6,0.271493213,,,,,,F,0,0,3,2,2,,,,,1.077340366,205.1347996
19-Feb,07-Feb-19,2,MG,1B,RB41,50,U,F,F,221,132,0.5,0.378787879,,,,,,F,0,1,3,2,2,,,,,1.146138044,115.1693731
19-Feb,07-Feb-19,2,MG,1B,RB43,629,U,F,F,295,302,1.3,0.430463576,,,,,,F,0,1,3,2,2,,,,,1.122749285,268.9825807
19-Feb,07-Feb-19,2,MG,1B,RB49,632,U,F,F,281,210,0.6,0.285714286,,,,,,F,0,1,3,2,2,,,,,0.900558518,233.1886223
19-Feb,08-Feb-19,3,EJ,1A,RB65,595,U,U,F,314,332,0.6,0.180722892,,,,,,F,0,0,3,2,2,,,,,0.976435289,340.0122913
19-Feb,08-Feb-19,3,EJ,1A,RB66,16,U,F,F,354,475,1.6,0.336842105,,,,,,F,0,1,3,2,2,,,,,0.98516405,482.153201
19-Feb,08-Feb-19,3,EJ,1A,RB67,596,U,U,F,236,156,0.3,0.192307692,,,,,,F,0,0,3,2,2,,,,,1.054128078,147.989607
19-Feb,08-Feb-19,3,EJ,1A,RB70,18,U,U,U,215,125,0.1,0.08,,,,,,F,0,0,3,2,2,,,,,1.108098143,112.8058925
19-Feb,08-Feb-19,3,EJ,1A,RB79,602,U,F,F,336,377,6,1.591511936,,,,,,F,0,1,5,2,2,,,,,0.910283107,414.1568675
19-Feb,06-Feb-19,1,MG,1B,RB8,625,U,U,F,285,275,0.9,0.327272727,,,,,,F,0,0,3,2,2,,,,,1.131348603,243.0727357
19-Feb,09-Feb-19,4,EJ,1A,RB85,13,U,F,F,370,499,48,9.619238477,,,,,,F,0,1,5,2,2,,,,,0.909893099,548.4160726
19-Feb,09-Feb-19,4,EJ,1A,RB86,593,U,F,F,332,339,25.8,7.610619469,,,,,,F,0,1,5,2,2,,,,,0.847590164,399.9574492
19-Feb,06-Feb-19,1,MG,1B,RB9,48,U,F,F,263,189,0.6,0.317460317,,,,,,F,0,1,3,2,2,,,,,0.984452749,191.9848365
19-Feb,09-Feb-19,4,EJ,1A,RB93,17,U,F,F,270,265,0.4,0.150943396,,,,,,F,0,1,4,2,2,,,,,1.209886628,219.0287865
19-Feb,09-Feb-19,4,EJ,1A,RB95,18,U,F,F,236,171,0.4,0.233918129,,,,,,F,0,1,4,2,2,,,,,1.155486547,147.989607
19-Feb,09-Feb-19,4,EJ,1A,RB106,23,U,F,F,338,461,53.8,11.670282,,,,,,F,0,1,6,3,3,,,,,1.094026962,421.3790115
19-Feb,10-Feb-19,5,MG,1C,RB126,660,U,F,F,354,396,23.9,6.035353535,,,,,,F,0,1,6,3,3,-10.833,2.888,0.13,2491,0.872742022,453.7423315
19-Feb,10-Feb-19,5,MG,1C,RB150,94,U,F,F,322,392,48.9,12.4744898,,,,,,F,0,1,6,3,3,,,,,1.135822407,345.1243765
19-Feb,11-Feb-19,6,EJ,1C,RB157,661,U,F,F,324,333,59,17.7177177,,,,,,F,0,1,6,3,3,,,,,0.94776871,351.3515445
19-Feb,11-Feb-19,6,EJ,1C,RB170,667,U,F,F,312,367,40.8,11.11716621,,,,,,F,0,1,6,3,3,,,,,1.164822415,315.0694864
19-Feb,06-Feb-19,1,MG,1B,RB23,631,U,F,F,350,413,29.4,7.118644068,,,,,,F,0,1,6,3,3,,,,,0.929320057,444.4109399
19-Feb,06-Feb-19,1,MG,1B,RB28,56,U,F,F,321,326,23.7,7.26993865,,,,,,F,0,1,6,3,3,,,,,0.945704433,344.7165822
19-Feb,06-Feb-19,1,MG,1B,RB29,45,U,F,F,362,575,57.2,9.947826087,,,,,,F,0,1,6,3,3,,,,,1.171881985,490.6637421
19-Feb,06-Feb-19,1,MG,1B,RB31,623,U,F,F,345,484,46.8,9.669421488,,,,,,F,0,1,6,3,3,,,,,1.13609274,426.0215589
19-Feb,07-Feb-19,2,MG,1B,RB34,624,U,F,F,363,427,42.8,10.0234192,,,,,,F,0,1,6,3,3,,,,,0.863227411,494.6552841
19-Feb,06-Feb-19,1,MG,1B,RB5,46,U,F,F,482,1141,113.9,9.982471516,,,,,,F,0,1,7,3,3,,,,,1.003043108,1137.538348
19-Feb,06-Feb-19,1,MG,1B,RB6,47,U,F,F,289,261,14.8,5.670498084,,,,,,F,0,1,6,3,3,,,,,1.030686644,253.2292444
19-Feb,08-Feb-19,3,EJ,1A,RB64,15,U,F,F,329,344,27.8,8.081395349,,,,,,F,0,1,6,3,3,,,,,0.883137324,389.5203958
19-Feb,08-Feb-19,3,EJ,1A,RB69,597,U,F,F,395,565,40.9,7.238938053,,,,,,F,0,1,6,3,3,,,,,0.851574319,663.4770296
19-Feb,08-Feb-19,3,EJ,1A,RB72,19,U,F,F,360,562,62.7,11.15658363,,,,,,F,0,1,6,3,3,,,,,1.109912081,506.3464119
19-Feb,08-Feb-19,3,EJ,1A,RB82,24,U,F,F,386,621,74.8,12.04508857,,,,,,F,0,1,6,3,3,,,,,1.000977302,620.3936881
19-Feb,09-Feb-19,4,EJ,1A,RB90,595,U,F,F,330,413,39.1,9.467312349,,,,,,F,0,1,6,3,3,,,,,1.050945979,392.9792857
19-Feb,09-Feb-19,4,EJ,1A,RB91,16,U,F,F,377,515,44.9,8.718446602,,,,,,F,0,1,6,3,3,,,,,0.889173117,579.1898004
19-Feb,09-Feb-19,4,EJ,1A,RB94,597,U,F,F,360,495,32.9,6.646464646,,,,,,F,0,1,6,3,3,,,,,0.977591602,506.3464119
19-Feb,09-Feb-19,4,EJ,1A,RB98,599,U,F,F,402,653,69.9,10.70444104,,,,,,F,0,1,6,3,3,,,,,0.93511309,698.3112597
19-Feb,09-Feb-19,4,EJ,1A,RB99,20,U,F,F,309,316,18.1,5.727848101,,,,,,F,0,1,6,3,3,,,,,0.973866619,324.479753
19-Feb,09-Feb-19,4,EJ,1A,RB101,600,U,F,F,375,553,2.3,0.415913201,,,,,,F,0,1,8,4,4,,,,,0.969691294,570.2845881
19-Feb,09-Feb-19,4,EJ,1A,RB108,24,U,M,F,364,466,3.6,0.772532189,,,,,,F,0,0,8,4,4,,,,,0.891166872,522.9099222
19-Feb,06-Feb-19,1,MG,1B,RB15,51,U,F,F,337,345,0.9,0.260869565,,,,,,F,0,1,8,4,4,,,,,0.86758729,397.6545114
19-Feb,11-Feb-19,6,EJ,1C,RB160,662,U,F,F,402,583,0.41,0.070325901,,,,,,F,0,1,8,4,4,,,,,0.88997096,655.0775542
19-Feb,11-Feb-19,6,EJ,1C,RB167,89,U,F,F,342,309,1.8,0.582524272,,,,,,F,0,1,8,4,4,,,,,0.75232104,410.7289092
19-Feb,11-Feb-19,6,EJ,1C,RB172,668,U,F,F,313,242,8.2,3.388429752,,,,,,F,0,1,8,4,4,,,,,0.761018898,317.9947313
19-Feb,07-Feb-19,2,MG,1B,RB35,625,U,F,F,323,309,0.8,0.258899676,,,,,,F,0,1,8,4,4,,,,,0.880184621,351.0627117
19-Feb,07-Feb-19,2,MG,1B,RB36,48,F,U,F,354,383,3.8,0.992167102,,,,,,F,1,0,8,4,4,,,,,0.833526282,459.4936094
19-Feb,06-Feb-19,1,MG,1B,RB4,45,U,F,F,354,323,2.1,0.650154799,,,,,,F,0,1,8,4,4,,,,,0.702947753,459.4936094
19-Feb,08-Feb-19,3,EJ,1A,RB61,593,U,F,F,390,643,4.2,0.65318818,,,,,,F,0,1,8,4,4,,,,,1.00577589,639.3074308
19-Feb,09-Feb-19,4,EJ,1A,RB102,21,U,U,U,202,98,0.1,0.102040816,,,,,,M,0,0,1,1,5,,,,,1.041835099,94.06479022
19-Feb,09-Feb-19,4,EJ,1A,RB105,602,U,F,U,216,110,0.1,0.090909091,,,,,,M,0,0,1,1,5,,,,,0.962033856,114.3410903
19-Feb,06-Feb-19,1,MG,1B,RB12,627,U,F,U,280,246,0.3,0.12195122,,,,,,M,0,0,1,1,5,,,,,1.066043862,230.7597358
19-Feb,10-Feb-19,5,MG,1C,RB127,83,U,U,U,247,139,0.1,0.071942446,,,,,,M,0,0,1,1,5,,,,,0.866199885,160.4710442
19-Feb,10-Feb-19,5,MG,1C,RB134,664,U,F,U,258,163,NA,,,,,,,M,0,0,1,1,5,,,,,0.895657601,181.9891885
19-Feb,10-Feb-19,5,MG,1C,RB137,665,U,F,U,285,257,0.2,0.077821012,,,,,,M,0,0,1,1,5,,,,,1.059383709,242.5938759
19-Feb,10-Feb-19,5,MG,1C,RB139,89,U,U,U,240,127,NA,,,,,,,M,0,0,1,1,5,,,,,0.859935301,147.6855292
19-Feb,06-Feb-19,1,MG,1B,RB14,626,U,F,U,271,214,0.2,0.093457944,,,,,,M,0,0,1,1,5,,,,,1.020765706,209.6465415
19-Feb,10-Feb-19,5,MG,1C,RB140,667,U,U,U,280,267,NA,,,,,,,M,0,0,1,1,5,,,,,1.158326492,230.5049585
19-Feb,10-Feb-19,5,MG,1C,RB142,668,U,F,U,311,333,0.1,0.03003003,,,,,,M,0,0,1,1,5,,,,,1.066754178,312.1618897
19-Feb,10-Feb-19,5,MG,1C,RB145,670,U,F,M,315,350,0.4,0.114285714,,,,,,M,0,0,1,1,5,,,,,1.080585878,323.8983658
19-Feb,10-Feb-19,5,MG,1C,RB148,671,U,F,U,295,269,0.2,0.074349442,,,,,,M,0,0,1,1,5,,,,,1.003733503,267.9994234
19-Feb,10-Feb-19,5,MG,1C,RB149,672,U,F,U,278,240,0.1,0.041666667,,,,,,M,0,0,1,1,5,,,,,1.062972413,225.7819649
19-Feb,11-Feb-19,6,EJ,1C,RB158,84,U,U,U,275,210,0.1,0.047619048,,,,,,M,0,0,1,1,5,,,,,0.959706856,218.8168175
19-Feb,11-Feb-19,6,EJ,1C,RB169,90,U,F,U,283,179,0.1,0.055865922,,,,,,M,0,0,1,1,5,,,,,0.753018988,237.7098091
19-Feb,11-Feb-19,6,EJ,1C,RB173,92,U,U,U,241,139,0.1,0.071942446,,,,,,M,0,0,1,1,5,,,,,0.929954507,149.4696772
19-Feb,11-Feb-19,6,EJ,1C,RB177,94,U,U,U,272,172,0.1,0.058139535,,,,,,M,0,0,1,1,5,,,,,0.811345019,211.9936598
19-Feb,11-Feb-19,6,EJ,1C,RB179,95,U,U,U,221,117,0.1,0.085470085,,,,,,M,0,0,1,1,5,,,,,1.005294017,116.3838619
19-Feb,06-Feb-19,1,MG,1B,RB26,633,U,U,U,219,118,0.1,0.084745763,,,,,,M,0,0,1,1,5,,,,,1.052302851,112.1350188
19-Feb,07-Feb-19,2,MG,1B,RB45,630,U,F,U,253,194,0.2,0.103092784,,,,,,M,0,0,1,1,5,,,,,1.132347861,171.3254439
19-Feb,07-Feb-19,2,MG,1B,RB47,53,U,U,U,203,95,0.1,0.105263158,,,,,,M,0,0,1,1,5,,,,,1.05864621,89.7372504
19-Feb,07-Feb-19,2,MG,1B,RB48,54,U,U,U,216,106,0.1,0.094339623,,,,,,M,0,0,1,1,5,,,,,0.984369849,107.6831031
19-Feb,07-Feb-19,2,MG,1B,RB50,55,U,F,U,277,209,0.1,0.04784689,,,,,,M,0,0,1,1,5,,,,,0.934816371,223.5733204
19-Feb,07-Feb-19,2,MG,1B,RB52,56,U,U,U,231,114,0.1,0.087719298,,,,,,M,0,0,1,1,5,,,,,0.869199707,131.1551293
19-Feb,08-Feb-19,3,EJ,1A,RB58,12,U,F,U,259,183,0.1,0.546448087,,,,,,M,0,0,1,1,5,-10.919,2.913,0.116,2415,0.943127319,194.0353082
19-Feb,08-Feb-19,3,EJ,1A,RB63,594,U,U,U,266,203,0.1,0.049261084,,,,,,M,0,0,1,1,5,,,,,0.968004282,209.7098162
19-Feb,08-Feb-19,3,EJ,1A,RB68,17,U,U,U,233,131,0.1,0.076335878,,,,,,M,0,0,1,1,5,,,,,0.918808376,142.575975
19-Feb,08-Feb-19,3,EJ,1A,RB74,20,U,U,U,261,192,0.1,0.052083333,,,,,,M,0,0,1,1,5,,,,,0.967584447,198.4322926
19-Feb,08-Feb-19,3,EJ,1A,RB75,660,U,U,U,200,204,0.1,0.049019608,,,,,,M,0,0,1,1,5,,,,,2.23249882,91.37742793
19-Feb,08-Feb-19,3,EJ,1A,RB76,21,U,U,U,234,135,0.1,0.074074074,,,,,,M,0,0,1,1,5,,,,,0.935124475,144.3658076
19-Feb,08-Feb-19,3,EJ,1A,RB81,603,U,U,U,247,150,0.1,0.066666667,,,,,,M,0,0,1,1,5,,,,,0.88761878,168.9914674
19-Feb,09-Feb-19,4,EJ,1A,RB92,596,U,F,U,235,138,0.1,0.072463768,,,,,,M,0,0,1,1,5,,,,,0.94410403,146.1703325
19-Feb,08-Feb-19,3,EJ,1A,RB83,594,U,M,M,353,386,1.8,0.466321244,,,,,,M,0,1,2,2,6,,,,,0.807199782,478.1963632
19-Feb,09-Feb-19,4,EJ,1A,RB96,598,U,F,U,278,210,0.2,0.095238095,,,,,,M,0,0,2,2,6,,,,,0.88059913,238.4740035
19-Feb,06-Feb-19,1,MG,1B,RB1,44,M,M,M,365,450,8.8,1.955555556,,,,,,M,1,1,4,3,7,-11.108,2.937,0.116,2250,0.895161666,502.7024918
19-Feb,09-Feb-19,4,EJ,1A,RB104,22,U,M,M,290,267,10.2,3.820224719,,,,,,M,0,1,3,3,7,,,,,0.989936509,269.7142671
19-Feb,10-Feb-19,5,MG,1C,RB132,86,M,M,M,314,306,7.2,2.352941176,,,,,,M,1,1,4,3,7,,,,,0.953456152,320.9376743
19-Feb,10-Feb-19,5,MG,1C,RB133,663,M,M,M,345,409,9.7,2.371638142,,,,,,M,1,1,4,3,7,,,,,0.970988047,421.2204271
19-Feb,10-Feb-19,5,MG,1C,RB143,669,U,U,M,382,471,2.3,0.488322718,,,,,,M,0,0,3,3,7,,,,,0.833170793,565.3102625
19-Feb,11-Feb-19,6,EJ,1C,RB159,85,M,M,M,264,171,0.9,0.526315789,,,,,,M,1,1,4,3,7,,,,,0.879257521,194.4822715
19-Feb,11-Feb-19,6,EJ,1C,RB161,663,M,M,M,256,207,6.8,3.285024155,,,,,,M,1,1,3,3,7,,,,,1.163283179,177.9446345
19-Feb,11-Feb-19,6,EJ,1C,RB166,665,M,M,M,249,163,6.8,4.171779141,,,,,,M,1,1,4,3,7,,,,,0.992375451,164.25235
19-Feb,06-Feb-19,1,MG,1B,RB30,622,M,U,M,374,519,13.9,2.67822736,,,,,,M,1,0,4,3,7,,,,,0.961139813,539.9838745
19-Feb,07-Feb-19,2,MG,1B,RB32,46,U,U,U,260,211,0.1,0.047393365,,,,,,M,0,0,4,3,7,,,,,1.136707793,185.6237824
19-Feb,07-Feb-19,2,MG,1B,RB37,626,M,U,M,353,430,10.2,2.372093023,,,,,,M,1,0,4,3,7,,,,,0.943620247,455.6917906
19-Feb,07-Feb-19,2,MG,1B,RB39,627,M,U,M,329,341,8.9,2.609970674,,,,,,M,1,0,4,3,7,,,,,0.920223101,370.562312
19-Feb,07-Feb-19,2,MG,1B,RB40,628,M,M,M,380,560,8.9,1.589285714,,,,,,M,1,1,4,3,7,,,,,0.989707152,565.8239397
19-Feb,07-Feb-19,2,MG,1B,RB42,51,M,M,M,286,238,5.2,2.18487395,,,,,,M,1,1,4,3,7,,,,,0.969109883,245.5861859
19-Feb,08-Feb-19,3,EJ,1A,RB62,14,M,M,M,384,592,9.9,1.672297297,,,,,,M,1,1,4,3,7,,,,,0.968782529,611.0762554
19-Feb,08-Feb-19,3,EJ,1A,RB71,598,U,M,M,365,540,15.4,2.851851852,,,,,,M,0,1,4,3,7,,,,,1.024462565,527.1056438
19-Feb,08-Feb-19,3,EJ,1A,RB77,601,M,M,M,398,621,14.3,2.30273752,,,,,,M,1,1,4,3,7,,,,,0.915574438,678.2627104
19-Feb,08-Feb-19,3,EJ,1A,RB80,23,M,M,M,345,481,21.1,4.386694387,,,,,,M,1,1,4,3,7,,,,,1.0753244,447.3068779
19-Feb,10-Feb-19,5,MG,1C,RB135,87,M,M,M,325,381,2.3,0.603674541,,,,,,M,1,1,5,4,8,,,,,1.074775979,354.4924778
19-Feb,11-Feb-19,6,EJ,1C,RB174,669,F,F,U,403,660,1.1,0.166666667,,,,,,M,0,0,6,4,8,,,,,1.000311092,659.7947428
19-Apr,20-Apr-19,4,EJ,1A,RB100,24,U,U,U,240,151,0.2,0.132450331,,,,,,F,0,0,2,1,1,,,,,0.962444154,156.8922201
19-Apr,21-Apr-19,5,MG,1C,RB121,93,U,U,F,261,188,0.4,0.212765957,,,,,,F,0,0,2,1,1,,,,,0.936805031,200.682099
19-Apr,22-Apr-19,6,EJ,1C,RB130,662,U,U,F,207,107,0.2,0.186915888,,,,,,F,0,0,2,1,1,,,,,1.056151768,101.3111971
19-Apr,22-Apr-19,6,EJ,1C,RB141,91,U,U,F,235,164,0.4,0.243902439,,,,,,F,0,0,2,1,1,,,,,1.107190748,148.122625
19-Apr,22-Apr-19,6,EJ,1C,RB144,670,U,U,U,215,108,0.6,0.555555556,,,,,,F,0,0,2,1,1,,,,,0.943182743,114.5059118
19-Apr,22-Apr-19,6,EJ,1C,RB145,93,U,U,U,180,69,0.1,0.144927536,,,,,,F,0,0,2,1,1,,,,,1.007719017,68.47146756
19-Apr,18-Apr-19,2,EJ,1B,RB27,45,U,F,F,252,164,0.3,0.182926829,,,,,,F,0,1,2,1,1,,,,,0.90893789,180.4303702
19-Apr,18-Apr-19,2,EJ,1B,RB45,54,U,U,F,216,108,0.1,0.092592593,,,,,,F,0,0,2,1,1,,,,,0.940883811,114.7856927
19-Apr,19-Apr-19,3,MG,1A,RB74,23,U,U,F,230,156,0.3,0.192307692,,,,,,F,0,0,2,1,1,,,,,1.126893531,138.4336636
19-Apr,21-Apr-19,5,MG,1C,RB102,83,U,U,F,308,327,1,0.305810398,,,,,,F,0,0,3,2,2,,,,,1.009092487,324.0535474
19-Apr,21-Apr-19,5,MG,1C,RB104,85,U,F,F,241,188,0.4,0.212765957,,,,,,F,0,1,3,2,2,,,,,1.179911738,159.3339518
19-Apr,21-Apr-19,5,MG,1C,RB105,661,U,F,F,282,258,0.8,0.310077519,,,,,,F,0,1,3,2,2,,,,,1.027656042,251.0567636
19-Apr,21-Apr-19,5,MG,1C,RB108,663,U,U,F,346,432,1.3,0.300925926,,,,,,F,0,0,3,2,2,,,,,0.952020961,453.7715216
19-Apr,21-Apr-19,5,MG,1C,RB109,87,U,U,F,290,271,2.3,0.848708487,,,,,,F,0,0,3,2,2,,,,,0.995493614,272.2267588
19-Apr,21-Apr-19,5,MG,1C,RB115,666,U,U,F,223,126,0.3,0.238095238,,,,,,F,0,0,3,2,2,,,,,0.989977365,127.2756372
19-Apr,21-Apr-19,5,MG,1C,RB117,667,U,U,F,257,146,0.4,0.273972603,,,,,,F,0,0,3,2,2,,,,,0.760773524,191.9099381
19-Apr,21-Apr-19,5,MG,1C,RB118,668,U,F,F,366,455,2.5,0.549450549,,,,,,F,0,1,3,2,2,,,,,0.852209025,533.9065731
19-Apr,17-Apr-19,1,MG,1B,RB12,49,U,F,F,239,179,0.4,0.223463687,,,,,,F,0,1,3,2,2,,,,,1.158865773,154.4613744
19-Apr,21-Apr-19,5,MG,1C,RB124,95,U,M,F,282,277,0.9,0.324909747,,,,,,F,0,0,3,2,2,,,,,1.103336138,251.0567636
19-Apr,21-Apr-19,5,MG,1C,RB125,671,U,U,F,269,198,0.5,0.252525253,,,,,,F,0,0,3,2,2,,,,,0.904088792,219.0050377
19-Apr,22-Apr-19,6,EJ,1C,RB127,84,U,F,F,292,309,0.7,0.226537217,,,,,,F,0,1,3,2,2,,,,,1.112729241,277.6955872
19-Apr,22-Apr-19,6,EJ,1C,RB128,661,U,U,F,320,411,1.5,0.364963504,,,,,,F,0,0,3,2,2,,,,,1.135499058,361.9553862
19-Apr,22-Apr-19,6,EJ,1C,RB134,664,U,U,F,288,293,0.5,0.170648464,,,,,,F,0,0,3,2,2,,,,,1.098081954,266.8289001
19-Apr,22-Apr-19,6,EJ,1C,RB136,666,U,U,F,232,148,0.5,0.337837838,,,,,,F,0,0,3,2,2,,,,,1.03702322,142.7161873
19-Apr,22-Apr-19,6,EJ,1C,RB140,668,U,U,F,250,191,0.3,0.157068063,,,,,,F,0,0,3,2,2,,,,,1.07806259,177.1696763
19-Apr,22-Apr-19,6,EJ,1C,RB142,669,U,U,F,252,167,0.7,0.419161677,,,,,,F,0,0,3,2,2,,,,,0.921111702,181.3026581
19-Apr,17-Apr-19,1,MG,1B,RB16,51,U,U,F,210,109,0.4,0.366972477,,,,,,F,0,0,3,2,2,,,,,1.031417827,105.6797712
19-Apr,17-Apr-19,1,MG,1B,RB2,44,U,U,F,267,216,0.7,0.324074074,,,,,,F,0,0,3,2,2,,,,,1.010343977,213.7885759
19-Apr,17-Apr-19,1,MG,1B,RB20,53,U,F,F,237,154,0.3,0.194805195,,,,,,F,0,1,3,2,2,,,,,1.02190052,150.6996004
19-Apr,17-Apr-19,1,MG,1B,RB21,54,U,F,F,257,204,0.4,0.196078431,,,,,,F,0,1,3,2,2,,,,,1.067298576,191.1367677
19-Apr,17-Apr-19,1,MG,1B,RB22,631,U,F,F,295,298,0.7,0.234899329,,,,,,F,0,1,3,2,2,,,,,1.040298604,286.4562145
19-Apr,17-Apr-19,1,MG,1B,RB24,56,U,F,F,275,204,0.5,0.245098039,,,,,,F,0,1,3,2,2,,,,,0.875039364,233.1323692
19-Apr,17-Apr-19,1,MG,1B,RB26,633,U,U,F,234,150,0.3,0.2,,,,,,F,0,0,5,2,2,,,,,1.033264432,145.1709702
19-Apr,18-Apr-19,2,EJ,1B,RB28,46,U,U,F,276,260,0.7,0.269230769,,,,,,F,0,0,3,2,2,,,,,1.103432186,235.6284359
19-Apr,18-Apr-19,2,EJ,1B,RB30,622,U,F,F,349,562,1.4,0.24911032,,,,,,F,0,1,3,2,2,,,,,1.198080665,469.0836073
19-Apr,18-Apr-19,2,EJ,1B,RB31,48,U,U,F,237,146,0.2,0.136986301,,,,,,F,0,0,3,2,2,,,,,0.968814779,150.6996004
19-Apr,18-Apr-19,2,EJ,1B,RB32,623,U,U,F,321,386,1.1,0.284974093,,,,,,F,0,0,3,2,2,,,,,1.051722309,367.0170318
19-Apr,18-Apr-19,2,EJ,1B,RB36,626,U,U,U,299,322,0.7,0.217391304,,,,,,F,0,0,3,2,2,,,,,1.080528314,298.0023714
19-Apr,18-Apr-19,2,EJ,1B,RB37,50,U,F,F,275,239,0.6,0.251046025,,,,,,F,0,1,3,2,2,,,,,1.025168666,233.1323692
19-Apr,18-Apr-19,2,EJ,1B,RB38,51,U,U,F,227,144,0.2,0.138888889,,,,,,F,0,0,3,2,2,,,,,1.084381684,132.7945705
19-Apr,18-Apr-19,2,EJ,1B,RB39,627,U,F,F,225,156,0.5,0.320512821,,,,,,F,0,1,3,2,2,,,,,1.205648296,129.3909679
19-Apr,17-Apr-19,1,MG,1B,RB4,45,U,U,F,275,246,0.5,0.203252033,,,,,,F,0,0,3,2,2,,,,,1.055194527,233.1323692
19-Apr,18-Apr-19,2,EJ,1B,RB42,629,U,U,F,283,230,0.7,0.304347826,,,,,,F,0,0,3,2,2,,,,,0.906955504,253.5956825
19-Apr,18-Apr-19,2,EJ,1B,RB44,630,U,U,F,272,230,0.5,0.217391304,,,,,,F,0,0,3,2,2,,,,,1.018831158,225.7488871
19-Apr,18-Apr-19,2,EJ,1B,RB47,55,U,U,F,324,308,0.9,0.292207792,,,,,,F,0,0,3,2,2,,,,,0.816603436,377.1720598
19-Apr,18-Apr-19,2,EJ,1B,RB50,56,U,F,F,298,297,1.3,0.437710438,,,,,,F,0,1,3,2,2,,,,,1.006480759,295.0876083
19-Apr,19-Apr-19,3,MG,1A,RB51,12,U,F,F,286,290,1,0.344827586,,,,,,F,0,1,3,2,2,-11.063,2.941,0.131,1824,1.103634702,262.7681056
19-Apr,19-Apr-19,3,MG,1A,RB57,14,U,F,F,265,246,0.5,0.203252033,,,,,,F,0,1,3,2,2,,,,,1.171571626,209.9743579
19-Apr,19-Apr-19,3,MG,1A,RB60,16,U,F,F,359,405,1.6,0.395061728,,,,,,F,0,1,3,2,2,,,,,0.789809045,512.7821748
19-Apr,19-Apr-19,3,MG,1A,RB75,24,U,U,F,280,256,0.9,0.3515625,,,,,,F,0,0,3,2,2,,,,,1.036926679,246.8834154
19-Apr,20-Apr-19,4,EJ,1A,RB77,13,U,F,F,346,402,9.2,2.288557214,,,,,,F,0,1,4,2,2,,,,,0.873782012,460.0689812
19-Apr,17-Apr-19,1,MG,1B,RB8,625,U,U,F,331,344,1.6,0.465116279,,,,,,F,0,0,5,2,2,,,,,0.856609044,401.5834323
19-Apr,20-Apr-19,4,EJ,1A,RB81,594,U,U,F,261,215,0.5,0.23255814,,,,,,F,0,0,3,2,2,,,,,1.070775883,200.7889824
19-Apr,20-Apr-19,4,EJ,1A,RB83,596,U,U,F,232,167,0.2,0.119760479,,,,,,F,0,0,3,2,2,,,,,1.176023935,142.0039125
19-Apr,20-Apr-19,4,EJ,1A,RB90,19,U,U,F,390,892,3.4,0.381165919,,,,,,F,0,0,3,2,2,,,,,1.363464072,654.2159919
19-Apr,20-Apr-19,4,EJ,1A,RB93,601,U,U,F,313,341,1.7,0.498533724,,,,,,F,0,0,3,2,2,,,,,0.995309927,342.6068512
19-Apr,20-Apr-19,4,EJ,1A,RB94,21,U,U,F,271,236,0.8,0.338983051,,,,,,F,0,0,3,2,2,,,,,1.052323265,224.2656871
19-Apr,20-Apr-19,4,EJ,1A,RB98,23,U,U,F,255,169,2.1,1.24260355,,,,,,F,0,0,3,2,2,,,,,0.901263716,187.5144832
19-Apr,20-Apr-19,4,EJ,1A,RB92,20,U,F,F,354,544,49.5,9.099264706,,,,,,F,0,1,6,3,3,,,,,1.105554507,492.0607682
19-Apr,17-Apr-19,1,MG,1B,RB1,621,U,F,F,340,292,12.4,4.246575342,,,,,,F,0,1,8,4,4,-11.028,2.934,0.118,1562,0.672083534,434.4698022
19-Apr,17-Apr-19,1,MG,1B,RB11,626,U,F,F,265,215,0.5,0.23255814,,,,,,F,0,1,9,4,4,,,,,1.028098232,209.1239858
19-Apr,22-Apr-19,6,EJ,1C,RB133,87,U,U,F,354,386,3.6,0.932642487,,,,,,F,0,0,8,4,4,,,,,0.796197589,484.8042817
19-Apr,17-Apr-19,1,MG,1B,RB17,52,U,F,F,290,267,0.9,0.337078652,,,,,,F,0,1,9,4,4,,,,,0.980020323,272.4433297
19-Apr,17-Apr-19,1,MG,1B,RB18,629,U,F,F,240,155,0.5,0.322580645,,,,,,F,0,1,9,4,4,,,,,0.991268856,156.3652476
19-Apr,17-Apr-19,1,MG,1B,RB19,630,U,F,F,320,258,1.2,0.465116279,,,,,,F,0,1,9,4,4,,,,,0.709429455,363.6725234
19-Apr,18-Apr-19,2,EJ,1B,RB34,624,U,F,F,349,468,6.3,1.346153846,,,,,,F,0,1,8,4,4,,,,,0.997689948,469.0836073
19-Apr,19-Apr-19,3,MG,1A,RB54,593,U,F,F,325,371,2.9,0.781671159,,,,,,F,0,1,8,4,4,,,,,0.969448623,382.6917601
19-Apr,19-Apr-19,3,MG,1A,RB55,594,F,F,F,334,360,2.9,0.805555556,,,,,,F,1,1,8,4,4,,,,,0.868088484,414.7042686
19-Apr,17-Apr-19,1,MG,1B,RB6,46,F,F,F,349,345,2.7,0.782608696,,,,,,F,1,1,8,4,4,,,,,0.735476565,469.0836073
19-Apr,21-Apr-19,5,MG,1C,RB101,660,U,U,U,258,224,0.1,0.044642857,,,,,,M,0,0,1,1,5,-10.802,2.894,0.141,1694,1.154169472,194.0789507
19-Apr,21-Apr-19,5,MG,1C,RB107,662,U,U,U,323,413,0.2,0.04842615,,,,,,M,0,0,1,1,5,,,,,1.110623722,371.8631177
19-Apr,21-Apr-19,5,MG,1C,RB112,89,U,F,U,266,202,0.1,0.04950495,,,,,,M,0,0,1,1,5,,,,,0.952780602,212.0110334
19-Apr,21-Apr-19,5,MG,1C,RB114,90,U,U,U,210,110,0.1,0.090909091,,,,,,M,0,0,1,1,5,,,,,1.028345471,106.9679433
19-Apr,21-Apr-19,5,MG,1C,RB116,91,U,U,U,241,196,0.1,0.051020408,,,,,,M,0,0,1,1,5,,,,,1.230120748,159.3339518
19-Apr,21-Apr-19,5,MG,1C,RB119,92,U,F,U,290,269,0.1,0.037174721,,,,,,M,0,0,1,1,5,,,,,0.988146798,272.2267588
19-Apr,21-Apr-19,5,MG,1C,RB120,669,U,F,U,260,187,0.1,0.053475936,,,,,,M,0,0,1,1,5,,,,,0.942231743,198.4649758
19-Apr,21-Apr-19,5,MG,1C,RB122,94,U,U,U,230,145,0.1,0.068965517,,,,,,M,0,0,1,1,5,,,,,1.041781494,139.1846571
19-Apr,21-Apr-19,5,MG,1C,RB123,670,U,F,U,245,163,0.1,0.061349693,,,,,,M,0,0,1,1,5,,,,,0.975416168,167.108159
19-Apr,21-Apr-19,5,MG,1C,RB126,672,U,U,U,260,193,0.1,0.051813472,,,,,,M,0,0,1,1,5,,,,,0.972463777,198.4649758
19-Apr,22-Apr-19,6,EJ,1C,RB131,663,U,U,U,330,382,0.1,0.02617801,,,,,,M,0,0,1,1,5,,,,,0.965457175,395.6674723
19-Apr,22-Apr-19,6,EJ,1C,RB132,86,U,U,U,254,181,0.1,0.055248619,,,,,,M,0,0,1,1,5,,,,,0.975750522,185.4982353
19-Apr,22-Apr-19,6,EJ,1C,RB138,667,U,U,U,200,81,0.08,0.098765432,,,,,,M,0,0,1,1,5,,,,,0.872073732,92.88205466
19-Apr,22-Apr-19,6,EJ,1C,RB139,90,U,U,U,254,183,0.1,0.054644809,,,,,,M,0,0,1,1,5,,,,,0.986532296,185.4982353
19-Apr,17-Apr-19,1,MG,1B,RB14,50,U,F,U,248,134,0.1,0.074626866,,,,,,M,0,0,1,1,5,,,,,0.778364667,172.1558104
19-Apr,22-Apr-19,6,EJ,1C,RB143,92,U,U,U,232,144,0.1,0.069444444,,,,,,M,0,0,1,1,5,,,,,1.008995565,142.7161873
19-Apr,22-Apr-19,6,EJ,1C,RB149,95,U,U,U,275,223,0.1,0.044843049,,,,,,M,0,0,1,1,5,,,,,0.955267584,233.4424446
19-Apr,17-Apr-19,1,MG,1B,RB25,632,U,F,U,260,210,0.1,0.047619048,,,,,,M,0,0,1,1,5,,,,,1.061908356,197.7571782
19-Apr,18-Apr-19,2,EJ,1B,RB29,47,U,U,U,289,261,0.6,0.229885057,,,,,,M,0,0,1,1,5,,,,,0.967755801,269.696136
19-Apr,18-Apr-19,2,EJ,1B,RB33,49,U,U,U,231,141,0.1,0.070921986,,,,,,M,0,0,1,1,5,,,,,1.008744338,139.7777362
19-Apr,18-Apr-19,2,EJ,1B,RB35,625,U,U,U,221,133,0.1,0.07518797,,,,,,M,0,0,1,1,5,,,,,1.083438481,122.7573161
19-Apr,18-Apr-19,2,EJ,1B,RB41,628,U,U,U,222,122,0.1,0.081967213,,,,,,M,0,0,1,1,5,,,,,0.980753237,124.3941854
19-Apr,18-Apr-19,2,EJ,1B,RB43,53,U,U,U,250,178,0.1,0.056179775,,,,,,M,0,0,1,1,5,,,,,1.009865564,176.2610849
19-Apr,18-Apr-19,2,EJ,1B,RB49,633,U,F,F,341,384,2.1,0.546875,,,,,,M,0,0,1,1,5,,,,,0.876252808,438.229694
19-Apr,19-Apr-19,3,MG,1A,RB53,13,U,U,U,245,181,0.1,0.055248619,,,,,,M,0,0,1,1,5,,,,,1.085777841,166.7007681
19-Apr,19-Apr-19,3,MG,1A,RB58,15,U,F,M,251,191,0.2,0.104712042,,,,,,M,0,0,1,1,5,,,,,1.067069743,178.9948607
19-Apr,19-Apr-19,3,MG,1A,RB59,596,U,U,U,155,53,0.1,0.188679245,,,,,,M,0,0,1,1,5,,,,,1.222109721,43.3676282
19-Apr,19-Apr-19,3,MG,1A,RB64,598,U,U,U,241,186,0.1,0.053763441,,,,,,M,0,0,1,1,5,,,,,1.171118052,158.8225881
19-Apr,19-Apr-19,3,MG,1A,RB65,599,U,U,U,227,126,0.1,0.079365079,,,,,,M,0,0,1,1,5,,,,,0.946015718,133.190176
19-Apr,17-Apr-19,1,MG,1B,RB7,624,U,F,U,240,162,0.3,0.185185185,,,,,,M,0,0,1,1,5,,,,,1.036035836,156.3652476
19-Apr,19-Apr-19,3,MG,1A,RB70,602,U,U,U,264,204,0.2,0.098039216,,,,,,M,0,0,1,1,5,,,,,0.98241022,207.6525629
19-Apr,20-Apr-19,4,EJ,1A,RB78,593,U,U,U,234,162,0.1,0.061728395,,,,,,M,0,0,1,1,5,,,,,1.112374517,145.6344042
19-Apr,20-Apr-19,4,EJ,1A,RB85,597,U,U,U,274,200,0.1,0.05,,,,,,M,0,0,1,1,5,,,,,0.863386878,231.6458649
19-Apr,20-Apr-19,4,EJ,1A,RB87,598,U,U,M,338,427,0.4,0.093676815,,,,,,M,0,0,1,1,5,,,,,0.994222787,429.4812043
19-Apr,20-Apr-19,4,EJ,1A,RB88,18,U,U,U,261,251,0.1,0.039840637,,,,,,M,0,0,1,1,5,,,,,1.250068589,200.7889824
19-Apr,20-Apr-19,4,EJ,1A,RB89,599,U,U,U,236,175,0.2,0.114285714,,,,,,M,0,0,1,1,5,,,,,1.171935476,149.3256272
19-Apr,20-Apr-19,4,EJ,1A,RB95,602,U,M,U,247,203,0.1,0.049261084,,,,,,M,0,1,1,1,5,,,,,1.188978911,170.7347356
19-Apr,20-Apr-19,4,EJ,1A,RB96,22,U,U,U,268,238,0.3,0.12605042,,,,,,M,0,0,1,1,5,,,,,1.096559953,217.0423964
19-Apr,17-Apr-19,1,MG,1B,RB15,628,U,U,U,241,172,0.2,0.11627907,,,,,,M,0,0,2,2,6,,,,,1.086650766,158.2845247
19-Apr,18-Apr-19,2,EJ,1B,RB40,52,U,U,U,215,123,0.1,0.081300813,,,,,,M,0,0,2,2,6,,,,,1.086251068,113.2334905
19-Apr,19-Apr-19,3,MG,1A,RB52,592,U,F,U,304,312,0.2,0.064102564,,,,,,M,0,0,2,2,6,,,,,0.992254867,314.4353435
19-Apr,19-Apr-19,3,MG,1A,RB61,17,U,F,U,241,165,0.1,0.060606061,,,,,,M,0,0,2,2,6,,,,,1.038895046,158.8225881
19-Apr,19-Apr-19,3,MG,1A,RB62,18,U,F,U,291,286,0.1,0.034965035,,,,,,M,0,0,2,2,6,,,,,1.034324009,276.5090992
19-Apr,19-Apr-19,3,MG,1A,RB63,597,U,F,U,239,181,0.1,0.055248619,,,,,,M,0,0,2,2,6,,,,,1.167912217,154.977401
19-Apr,19-Apr-19,3,MG,1A,RB67,20,U,U,U,250,171,0.1,0.058479532,,,,,,M,0,0,2,2,6,,,,,0.966616932,176.9056535
19-Apr,19-Apr-19,3,MG,1A,RB68,600,U,F,U,265,218,0.1,0.04587156,,,,,,M,0,0,2,2,6,,,,,1.03822201,209.9743579
19-Apr,19-Apr-19,3,MG,1A,RB69,601,U,U,U,188,85,0.1,0.117647059,,,,,,M,0,0,2,2,6,,,,,1.111016591,76.50650827
19-Apr,19-Apr-19,3,MG,1A,RB71,21,U,U,U,238,161,0.1,0.062111801,,,,,,M,0,0,2,2,6,,,,,1.051750915,153.0780698
19-Apr,19-Apr-19,3,MG,1A,RB72,604,U,U,U,298,339,0.5,0.147492625,,,,,,M,0,0,2,2,6,,,,,1.143219224,296.5310527
19-Apr,20-Apr-19,4,EJ,1A,RB84,16,U,U,U,248,182,0.1,0.054945055,,,,,,M,0,0,2,2,6,,,,,1.053389167,172.7756518
19-Apr,17-Apr-19,1,MG,1B,RB10,48,M,M,M,350,449,6.4,1.425389755,,,,,,M,1,1,4,3,7,,,,,0.949183642,473.0380718
19-Apr,21-Apr-19,5,MG,1C,RB113,665,U,F,M,318,399,6.7,1.679197995,,,,,,M,0,0,4,3,7,,,,,1.122529606,355.4471953
19-Apr,22-Apr-19,6,EJ,1C,RB129,85,M,M,M,333,415,4.5,1.084337349,,,,,,M,1,1,4,3,7,,,,,1.021747252,406.1669841
19-Apr,17-Apr-19,1,MG,1B,RB13,627,M,M,M,305,332,9.8,2.951807229,,,,,,M,1,1,4,3,7,,,,,1.050998029,315.8902214
19-Apr,22-Apr-19,6,EJ,1C,RB146,671,U,M,M,402,629,5.2,0.826709062,,,,,,M,0,1,4,3,7,,,,,0.897985742,700.4565554
19-Apr,22-Apr-19,6,EJ,1C,RB147,94,M,M,M,306,288,9.1,3.159722222,,,,,,M,1,1,4,3,7,,,,,0.905656843,318.0012409
19-Apr,22-Apr-19,6,EJ,1C,RB148,672,M,M,M,348,343,5.3,1.545189504,,,,,,M,1,1,4,3,7,,,,,0.743383268,461.4039822
19-Apr,17-Apr-19,1,MG,1B,RB23,55,M,M,M,320,345,9.4,2.724637681,,,,,,M,1,1,4,3,7,,,,,0.948655666,363.6725234
19-Apr,18-Apr-19,2,EJ,1B,RB46,631,U,U,M,236,180,1.3,0.722222222,,,,,,M,0,0,4,3,7,,,,,1.209339491,148.8415796
19-Apr,18-Apr-19,2,EJ,1B,RB48,632,M,M,M,333,356,6.4,1.797752809,,,,,,M,1,1,4,3,7,,,,,0.870959907,408.7444179
19-Apr,17-Apr-19,1,MG,1B,RB5,623,M,M,M,430,838,15.5,1.849642005,,,,,,M,1,1,4,3,7,,,,,0.96838291,865.3601704
19-Apr,19-Apr-19,3,MG,1A,RB56,595,M,M,M,300,380,7.4,1.947368421,,,,,,M,1,1,4,3,7,,,,,1.256521256,302.4222616
19-Apr,19-Apr-19,3,MG,1A,RB73,22,M,M,M,309,321,6.9,2.14953271,,,,,,M,1,1,4,3,7,,,,,0.973054124,329.8891521
19-Apr,20-Apr-19,4,EJ,1A,RB79,14,M,M,M,354,510,11.9,2.333333333,,,,,,M,1,1,4,3,7,,,,,1.03645735,492.0607682
19-Apr,20-Apr-19,4,EJ,1A,RB82,595,M,U,M,371,609,3.5,0.574712644,,,,,,M,1,0,4,3,7,,,,,1.078173064,564.8443837
19-Apr,20-Apr-19,4,EJ,1A,RB86,17,M,M,M,346,499,7.2,1.442885772,,,,,,M,1,1,4,3,7,,,,,1.08461996,460.0689812
19-Apr,17-Apr-19,1,MG,1B,RB9,47,M,M,M,351,384,4.8,1.25,,,,,,M,1,1,4,3,7,,,,,0.805007064,477.014448
19-Apr,20-Apr-19,4,EJ,1A,RB97,603,U,U,M,352,412,3.6,0.873786408,,,,,,M,0,0,4,3,7,,,,,0.851363635,483.9295254
19-Apr,20-Apr-19,4,EJ,1A,RB99,604,U,U,M,394,588,36.2,6.156462585,,,,,,M,0,0,4,3,7,,,,,0.872213473,674.1468896
19-Apr,21-Apr-19,5,MG,1C,RB110,664,U,U,M,335,365,0.7,0.191780822,,,,,,M,0,0,5,4,8,,,,,0.883206357,413.2669529
19-Apr,21-Apr-19,5,MG,1C,RB111,88,M,M,M,335,402,3.1,0.771144279,,,,,,M,1,1,5,4,8,,,,,0.972736865,413.2669529
19-Apr,22-Apr-19,6,EJ,1C,RB137,89,U,U,M,268,196,1.2,0.612244898,,,,,,M,0,0,5,4,8,,,,,0.904654965,216.6571871
19-Apr,17-Apr-19,1,MG,1B,RB3,622,U,F,M,380,557,0.9,0.161579892,,,,,,M,0,0,5,4,8,,,,,0.925059503,602.1234288
19-Apr,19-Apr-19,3,MG,1A,RB66,19,U,U,M,302,314,0.4,0.127388535,,,,,,M,0,0,5,4,8,,,,,1.018190597,308.3901981
18-Oct,30-Oct-18,1,MW-JC,1C,RBT003,661,U,F,F,197,75,0.3,0.4,,0.25,2.7,F1,,F,0,1,2,1,1,,,,,0.908547469,82.54934673
18-Oct,31-Oct-18,2,MW-JC,1C,RBT049,671,U,M,F,239,125,0.2,0.16,,0.2,NA,F1,,F,0,0,2,1,1,,,,,0.871604865,143.4136098
18-Oct,01-Nov-18,3,MW-JC,1B,RBT077,52,U,F,F,210,95,0.2,0.210526316,,NA,NA,F1,,F,0,1,2,1,1,,,,,0.979494731,96.98878103
18-Oct,02-Nov-18,4,MW-JC,1B,RBT102,50,U,F,F,170,46,0.2,0.434782609,,NA,NA,F1,,F,0,1,2,1,1,,,,,0.879591719,52.29699077
18-Oct,03-Nov-18,5,MW-JC,1A,RBT166,13,U,U,U,233,166,0.1,0.060240964,,NA,NA,UNDIFFERENTIATED,,F,0,0,1,1,1,,,,,1.203732699,137.9043704
18-Oct,03-Nov-18,5,MW-JC,1A,RBT175,15,U,F,F,271,187,0.2,0.106951872,,0.47,NA,F1,,F,0,1,1,1,1,,,,,0.875085358,213.6934394
18-Oct,04-Nov-18,6,MW-JC,1A,RBT193,597,U,U,U,180,54,0.1,0.185185185,,NA,NA,UNDIFFERENTIATED,,F,0,0,1,1,1,,,,,0.827457226,65.26017095
18-Oct,04-Nov-18,6,MW-JC,1A,RBT198,19,U,U,U,198,77,0.1,0.12987013,,NA,NA,UNDIFFERENTIATED,,F,0,0,1,1,1,,,,,0.895045521,86.02914395
18-Oct,04-Nov-18,6,MW-JC,1A,RBT213,20,U,U,U,227,185,0.1,0.054054054,,NA,NA,UNDIFFERENTIATED,,F,0,0,1,1,1,,,,,1.446903455,127.8592565
18-Oct,30-Oct-18,1,MW-JC,1C,RBT009,89,U,M,F,310,244,1.6,0.655737705,,0.3,10.44,F1/F7,,F,0,0,3,2,2,,,,,0.809000777,301.6066323
18-Oct,31-Oct-18,2,MW-JC,1C,RBT043,92,U,F,F,297,275,3.2,1.163636364,,0.34,NA,F3,,F,0,1,5,2,2,,,,,1.03054176,266.8499333
18-Oct,31-Oct-18,2,MW-JC,1C,RBT048,93,U,F,F,326,328,2.6,0.792682927,,0.38,NA,F2/F7,,F,0,1,4,2,2,,,,,0.941821882,348.2611801
18-Oct,01-Nov-18,3,MW-JC,1B,RBT065,49,U,F,F,328,330,11.5,3.484848485,,0.25,NA,F2/F6,,F,0,1,5,2,2,,,,,0.924145157,357.0867599
18-Oct,01-Nov-18,3,MW-JC,1B,RBT075,630,U,F,F,301,248,0.4,0.161290323,,0.28,NA,F2,,F,0,1,3,2,2,,,,,0.892744764,277.7949645
18-Oct,02-Nov-18,4,MW-JC,1B,RBT085,633,U,F,F,280,210,0.2,0.095238095,,0.37,NA,F1,,F,0,1,3,2,2,,,,,0.933903207,224.8627037
18-Oct,02-Nov-18,4,MW-JC,1B,RBT089,46,U,F,F,265,212,0.3,0.141509434,,0.18,NA,F1,,F,0,1,3,2,2,,,,,1.107423331,191.4353744
18-Oct,02-Nov-18,4,MW-JC,1B,RBT106,52,U,F,F,304,299,0.8,0.267558528,F2,0.37,NA,F2,,F,0,1,3,2,2,,,,,1.04557984,285.9657279
18-Oct,02-Nov-18,4,MW-JC,1B,RBT116,633,U,U,F,238,136,0.3,0.220588235,,0.16,NA,F1,,F,0,0,3,2,2,,,,,0.972590359,139.8327659
18-Oct,03-Nov-18,5,MW-JC,1A,RBT142,20,U,F,F,259,212,0.5,0.235849057,,0.4,NA,F2,,F,0,1,3,2,2,,,,,1.131270937,187.3998465
18-Oct,03-Nov-18,5,MW-JC,1A,RBT152,604,U,F,F,355,396,5.1,1.287878788,,0.7,NA,F3,,F,0,1,5,2,2,,,,,0.847168844,467.4392864
18-Oct,03-Nov-18,5,MW-JC,1A,RBT171,594,U,F,F,304,313,8.3,2.651757188,F3,0.72,NA,F3,,F,0,1,5,2,2,,,,,1.049737239,298.1698547
18-Oct,03-Nov-18,5,MW-JC,1A,RBT174,595,U,F,F,328,356,3,0.842696629,F2,0.34,NA,F2,,F,0,1,5,2,2,,,,,0.957896332,371.6477328
18-Oct,04-Nov-18,6,MW-JC,1A,RBT199,19,U,U,F,174,58,0.2,0.344827586,,NA,NA,F1,,F,0,0,3,2,2,,,,,0.980533663,59.15146232
18-Oct,30-Oct-18,1,MW-JC,1C,RBT004,84,U,F,F,329,339,12.5,3.687315634,,1.02,10.2,F4,,F,0,1,6,3,3,,,,,0.948253939,357.499174
18-Oct,31-Oct-18,2,MW-JC,1C,RBT031,86,U,F,F,404,637,24.8,3.893249608,,0.91,NA,F4,,F,0,1,6,3,3,,,,,0.990768806,642.9350583
18-Oct,31-Oct-18,2,MW-JC,1C,RBT035,88,U,F,F,376,570,18.9,3.315789474,,0.93,NA,F4,,F,0,1,6,3,3,,,,,1.088576184,523.6197599
18-Oct,31-Oct-18,2,MW-JC,1C,RBT044,669,U,F,F,368,662,42.1,6.359516616,,1.11,NA,F4-F5,,F,0,1,6,3,3,,,,,1.344422454,492.4047482
18-Oct,01-Nov-18,3,MW-JC,1B,RBT055,45,U,F,F,315,348,13.6,3.908045977,,1.74,NA,F3,,F,0,1,6,3,3,,,,,1.096839274,317.2752911
18-Oct,01-Nov-18,3,MW-JC,1B,RBT061,624,U,F,F,326,343,6.7,1.95335277,,0.68,NA,F3,,F,0,1,6,3,3,,,,,0.977877768,350.759585
18-Oct,01-Nov-18,3,MW-JC,1B,RBT068,628,U,F,F,283,246,7.5,3.048780488,,1.21,NA,F3,,F,0,1,6,3,3,,,,,1.060446721,231.9777082
18-Oct,01-Nov-18,3,MW-JC,1B,RBT069,50,U,F,F,333,410,7.9,1.926829268,,0.57,NA,F3,,F,0,1,6,3,3,,,,,1.098512137,373.2321075
18-Oct,01-Nov-18,3,MW-JC,1B,RBT078,53,U,F,F,349,450,22,4.888888889,,0.61,NA,F4,,F,0,1,6,3,3,,,,,1.051136915,428.1078837
18-Oct,02-Nov-18,4,MW-JC,1B,RBT090,623,U,F,F,356,410,10.4,2.536585366,F3,0.46,NA,F3,,F,0,1,6,3,3,,,,,0.903693191,453.6938023
18-Oct,02-Nov-18,4,MW-JC,1B,RBT101,50,U,F,F,360,398,12.6,3.165829146,F3,1.15,NA,F3,,F,0,1,6,3,3,,,,,0.849056048,468.7558625
18-Oct,02-Nov-18,4,MW-JC,1B,RBT104,51,U,F,F,321,308,9.7,3.149350649,F3,0.79,NA,F3,,F,0,1,6,3,3,,,,,0.918675225,335.2653819
18-Oct,02-Nov-18,4,MW-JC,1B,RBT109,630,U,F,F,357,387,10.7,2.764857881,F2,0.35,NA,F3,,F,0,1,6,3,3,,,,,0.846032929,457.429004
18-Oct,03-Nov-18,5,MW-JC,1A,RBT127,16,U,F,F,382,634,55.8,8.80126183,F4,0.78,NA,F4,,F,0,1,6,3,3,,,,,1.096665936,578.1158866
18-Oct,30-Oct-18,1,MW-JC,1C,RBT008,88,U,M,F,334,311,1.3,0.418006431,,0.23,3.93,F7,Large atretic bodies but few,F,0,0,8,4,4,,,,,0.833227933,373.2472087
18-Oct,30-Oct-18,1,MW-JC,1C,RBT011,666,U,M,F,272,208,5.8,2.788461538,,0.73,12.5,F3,,F,0,0,8,4,4,,,,,1.0021581,207.5520819
18-Oct,30-Oct-18,1,MW-JC,1C,RBT015,669,U,M,F,387,554,2,0.36101083,,0.59,3.65,F2,POST SPAWN?,F,0,0,8,4,4,,,,,0.97432234,568.6003261
18-Oct,30-Oct-18,1,MW-JC,1C,RBT018,93,U,M,F,414,590,1.9,0.322033898,,0.86,6.41,F6,FEW ATRETIC OF,F,0,0,8,4,4,,,,,0.855728252,689.4712181
18-Oct,31-Oct-18,2,MW-JC,1C,RBT050,94,U,F,F,364,424,9.25,2.181603774,,0.45,NA,F3/F6,,F,0,1,8,4,4,,,,,0.888400789,477.2620703
18-Oct,01-Nov-18,3,MW-JC,1B,RBT053,44,U,F,F,342,360,13.3,3.694444444,,1.19,NA,F3,,F,0,1,8,4,4,-11.055,2.923,0.123,2041,0.892215349,403.4900324
18-Oct,02-Nov-18,4,MW-JC,1B,RBT087,45,U,F,F,358,454,0.9,0.198237885,,0.35,NA,F1,,F,0,1,8,4,4,,,,,0.984421893,461.1843798
18-Oct,02-Nov-18,4,MW-JC,1B,RBT091,624,U,M,F,354,405,2.6,0.641975309,,0.21,NA,F2,,F,0,0,8,4,4,,,,,0.907494467,446.2837128
18-Oct,02-Nov-18,4,MW-JC,1B,RBT097,49,U,F,F,346,433,10.8,2.494226328,,0.65,NA,F2,,F,0,1,8,4,4,,,,,1.03727511,417.4398823
18-Oct,02-Nov-18,4,MW-JC,1B,RBT118,56,U,F,F,368,331,0.8,0.241691843,,0.34,NA,F7,,F,0,1,8,4,4,,,,,0.662186492,499.8591848
18-Oct,03-Nov-18,5,MW-JC,1A,RBT123,13,U,F,F,320,331,2.7,0.81570997,,0.34,NA,F2,,F,0,1,8,4,4,,,,,0.956720306,345.9736329
18-Oct,03-Nov-18,5,MW-JC,1A,RBT134,599,U,U,F,361,412,0.7,0.169902913,,0.16,NA,F1/F2,,F,0,0,8,4,4,,,,,0.839596507,490.7119036
18-Oct,03-Nov-18,5,MW-JC,1A,RBT146,602,U,F,F,367,406,1.3,0.320197044,,0.34,NA,F1,,F,0,1,9,4,4,,,,,0.788761853,514.7307753
18-Oct,04-Nov-18,6,MW-JC,1A,RBT217,22,U,F,F,325,318,0.8,0.251572327,,0.41,NA,F2,,F,0,1,8,4,4,,,,,0.878747377,361.8787473
18-Oct,04-Nov-18,6,MW-JC,1A,RBT229,23,U,F,F,329,312,0.9,0.288461538,,0.25,NA,F2/F6,,F,0,1,8,4,4,,,,,0.832128643,374.942027
18-Oct,30-Oct-18,1,MW-JC,1C,RBT001,660,U,U,M,331,362,0.1,0.027624309,,0.53,1.63,Male,,M,0,0,1,1,5,-10.686,2.858,0.175,1797,0.995201445,363.7454526
18-Oct,30-Oct-18,1,MW-JC,1C,RBT007,87,U,M,M,275,217,0.7,0.322580645,,0.24,1.14,Male,,M,0,1,1,1,5,,,,,1.013252604,214.1617985
18-Oct,31-Oct-18,2,MW-JC,1C,RBT024,84,U,F,U,253,203,0.1,0.049261084,,0.55,NA,UNDIFFERENTIATED,,M,0,0,1,1,5,,,,,1.202952342,168.7514899
18-Oct,31-Oct-18,2,MW-JC,1C,RBT032,663,U,F,U,269,188,0.1,0.053191489,,0.41,NA,UNDIFFERENTIATED,,M,0,0,1,1,5,,,,,0.934967827,201.0764377
18-Oct,31-Oct-18,2,MW-JC,1C,RBT042,91,U,U,U,210,100,0.1,0.1,,0.13,NA,UNDIFFERENTIATED,,M,0,0,1,1,5,,,,,1.009178732,99.09047511
18-Oct,02-Nov-18,4,MW-JC,1B,RBT088,622,U,F,U,216,104,0.1,0.096153846,,0.07,NA,UNDIFFERENTIATED,,M,0,0,1,1,5,,,,,0.98753051,105.3132019
18-Oct,02-Nov-18,4,MW-JC,1B,RBT092,625,U,F,M,305,300,0.1,0.033333333,,0.38,NA,Male,,M,0,0,1,1,5,,,,,1.039054486,288.7240313
18-Oct,02-Nov-18,4,MW-JC,1B,RBT093,47,U,F,M,250,265,0.1,0.037735849,,0.23,NA,Male,,M,0,0,1,1,5,,,,,1.641317976,161.455613
18-Oct,02-Nov-18,4,MW-JC,1B,RBT095,48,U,F,U,327,378,0.1,0.026455026,,0.25,NA,UNDIFFERENTIATED,,M,0,0,1,1,5,,,,,1.068056473,353.9138704
18-Oct,02-Nov-18,4,MW-JC,1B,RBT099,628,U,F,U,221,115,0.1,0.086956522,,NA,NA,UNDIFFERENTIATED,,M,0,0,1,1,5,,,,,1.021326785,112.5986331
18-Oct,02-Nov-18,4,MW-JC,1B,RBT103,629,U,F,U,316,342,0.1,0.029239766,,0.37,NA,UNDIFFERENTIATED,,M,0,0,1,1,5,,,,,1.067987725,320.2283997
18-Oct,02-Nov-18,4,MW-JC,1B,RBT108,630,U,F,U,245,168,0.1,0.05952381,F2,0.28,NA,UNDIFFERENTIATED,,M,0,0,1,1,5,,,,,1.103830309,152.1973067
18-Oct,02-Nov-18,4,MW-JC,1B,RBT111,631,U,U,U,245,155,0.1,0.064516129,,0.22,NA,UNDIFFERENTIATED,,M,0,0,1,1,5,,,,,1.018414868,152.1973067
18-Oct,02-Nov-18,4,MW-JC,1B,RBT112,631,U,F,U,198,96,0.1,0.104166667,,NA,NA,UNDIFFERENTIATED,,M,0,0,1,1,5,,,,,1.175558861,81.66328646
18-Oct,02-Nov-18,4,MW-JC,1B,RBT117,56,U,F,U,244,150,0.1,0.066666667,,NA,NA,UNDIFFERENTIATED,,M,0,0,1,1,5,,,,,0.997415916,150.3886168
18-Oct,03-Nov-18,5,MW-JC,1A,RBT122,593,U,U,U,251,187,0.1,0.053475936,,0.13,NA,UNDIFFERENTIATED,,M,0,0,1,1,5,,,,,1.092884517,171.1068253
18-Oct,03-Nov-18,5,MW-JC,1A,RBT132,599,U,F,U,250,177,0.1,0.056497175,,0.41,NA,UNDIFFERENTIATED,,M,0,0,1,1,5,,,,,1.046482491,169.1380425
18-Oct,03-Nov-18,5,MW-JC,1A,RBT147,21,U,F,U,269,196,0.1,0.051020408,,0.17,NA,UNDIFFERENTIATED,,M,0,0,1,1,5,,,,,0.937110916,209.1534702
18-Oct,03-Nov-18,5,MW-JC,1A,RBT150,22,U,F,U,240,159,0.1,0.062893082,,0.26,NA,UNDIFFERENTIATED,,M,0,0,1,1,5,,,,,1.058160437,150.2607681
18-Oct,03-Nov-18,5,MW-JC,1A,RBT151,603,U,U,M,297,280,0.1,0.035714286,,NA,NA,Male,,M,0,0,1,1,5,,,,,1.004671008,278.6981985
18-Oct,04-Nov-18,6,MW-JC,1A,RBT205,599,U,U,U,221,118,0.1,0.084745763,,0.23,NA,UNDIFFERENTIATED,,M,0,0,1,1,5,,,,,0.997414301,118.3059034
18-Oct,04-Nov-18,6,MW-JC,1A,RBT209,21,U,M,M,252,182,0.1,0.054945055,,0.19,NA,Male,,M,0,1,1,1,5,,,,,1.05147271,173.0905598
18-Oct,04-Nov-18,6,MW-JC,1A,RBT224,604,U,U,U,216,106,0.1,0.094339623,,NA,NA,UNDIFFERENTIATED,,M,0,0,1,1,5,,,,,0.957439247,110.7119855
18-Oct,03-Nov-18,5,MW-JC,1A,RBT128,597,U,U,U,246,180,0.1,0.055555556,,0.22,NA,UNDIFFERENTIATED,,M,0,0,2,2,6,,,,,1.115163162,161.4113576
18-Oct,03-Nov-18,5,MW-JC,1A,RBT135,19,U,U,M,284,209,0.5,0.23923445,,0.17,NA,Male,,M,0,0,2,2,6,,,,,0.853813866,244.7840312
18-Oct,30-Oct-18,1,MW-JC,1C,RBT002,83,U,M,M,321,280,1.9,0.678571429,,0.13,3.96,Male,,M,0,1,3,3,7,,,,,0.840306034,333.2119353
18-Oct,30-Oct-18,1,MW-JC,1C,RBT010,666,U,F,M,367,442,4.1,0.92760181,,0.44,7.43,Male,,M,0,0,4,3,7,,,,,0.904643551,488.5902295
18-Oct,30-Oct-18,1,MW-JC,1C,RBT013,667,U,M,M,366,554,19,3.429602888,,1.01,10.46,Male,,M,0,1,3,3,7,,,,,1.142751122,484.7949737
18-Oct,30-Oct-18,1,MW-JC,1C,RBT022,95,U,M,M,325,400,21.2,5.3,,1.71,16.26,Male,,M,0,1,3,3,7,,,,,1.158692456,345.2167122
18-Oct,31-Oct-18,2,MW-JC,1C,RBT028,85,U,M,M,345,392,6.1,1.556122449,,0.38,NA,Male,,M,0,1,3,3,7,,,,,0.957348204,409.4643917
18-Oct,31-Oct-18,2,MW-JC,1C,RBT041,668,U,F,M,242,162,0.25,0.154320988,,0.19,NA,Male,,M,0,0,4,3,7,,,,,1.090037734,148.6187083
18-Oct,31-Oct-18,2,MW-JC,1C,RBT045,92,U,M,M,363,446,2.4,0.538116592,,0.85,NA,Male,,M,0,1,3,3,7,,,,,0.941873457,473.5243327
18-Oct,31-Oct-18,2,MW-JC,1C,RBT046,670,U,M,M,262,163,0.7,0.429447853,,0.2,NA,Male,,M,0,1,4,3,7,,,,,0.874084356,186.4808573
18-Oct,31-Oct-18,2,MW-JC,1C,RBT052,672,U,M,M,343,335,1,0.298507463,,0.53,NA,Male,,M,0,1,3,3,7,,,,,0.831850047,402.7168131
18-Oct,01-Nov-18,3,MW-JC,1B,RBT062,625,U,M,M,373,482,14.3,2.966804979,,1.06,NA,Male,SPERMIATING,M,0,1,4,3,7,,,,,0.926974143,519.9713535
18-Oct,01-Nov-18,3,MW-JC,1B,RBT066,627,U,M,M,323,409,15,3.667481663,,0.7,NA,Male,,M,0,1,3,3,7,,,,,1.197980731,341.4078285
18-Oct,01-Nov-18,3,MW-JC,1B,RBT071,51,U,U,M,355,372,0.9,0.241935484,,NA,NA,Male,,M,0,0,4,3,7,,,,,0.826705756,449.9787226
18-Oct,02-Nov-18,4,MW-JC,1B,RBT083,632,U,M,M,371,567,18.5,3.262786596,,0.41,NA,Male,,M,0,1,3,3,7,,,,,1.107716484,511.8638281
18-Oct,02-Nov-18,4,MW-JC,1B,RBT098,627,U,M,M,345,460,9.5,2.065217391,,0.75,NA,Male,,M,0,1,3,3,7,,,,,1.1113174,413.923151
18-Oct,02-Nov-18,4,MW-JC,1B,RBT114,55,U,M,M,391,584,13.4,2.294520548,,0.48,NA,Male,,M,0,1,3,3,7,,,,,0.978601062,596.7702496
18-Oct,02-Nov-18,4,MW-JC,1B,RBT115,632,M,M,M,325,352,8.2,2.329545455,,0.97,NA,Male,,M,1,1,3,3,7,,,,,1.012588747,347.6238512
18-Oct,03-Nov-18,5,MW-JC,1A,RBT121,594,U,M,M,364,525,11.1,2.114285714,,0.7,NA,Male,,M,0,1,3,3,7,,,,,1.044511383,502.6273609
18-Oct,03-Nov-18,5,MW-JC,1A,RBT131,598,U,M,M,349,423,4.3,1.016548463,,0.36,NA,Male,,M,0,1,4,3,7,,,,,0.950771686,444.9017639
18-Oct,03-Nov-18,5,MW-JC,1A,RBT133,18,U,M,M,360,405,8.9,2.197530864,,0.39,NA,Male,,M,0,1,3,3,7,,,,,0.831995273,486.781612
18-Oct,03-Nov-18,5,MW-JC,1A,RBT136,601,U,M,M,361,447,15.3,3.422818792,,0.57,NA,Male,,M,0,1,4,3,7,,,,,0.910921453,490.7119036
18-Oct,03-Nov-18,5,MW-JC,1A,RBT137,600,U,M,M,312,327,8.9,2.721712538,,0.41,NA,Male,,M,0,1,3,3,7,,,,,1.017139148,321.4899365
18-Oct,03-Nov-18,5,MW-JC,1A,RBT138,19,U,M,M,357,467,10.9,2.334047109,,0.85,NA,Male,,M,0,1,3,3,7,,,,,0.982920759,475.1145968
18-Oct,03-Nov-18,5,MW-JC,1A,RBT159,24,U,U,M,372,495,10.9,2.202020202,,0.57,NA,Male,,M,0,0,4,3,7,,,,,0.924672627,535.3245955
18-Oct,03-Nov-18,5,MW-JC,1A,RBT167,14,M,M,M,191,99,3.8,3.838383838,,0.48,NA,Male,SPERMIATING,M,1,1,4,3,7,,,,,1.277339223,77.50486185
18-Oct,03-Nov-18,5,MW-JC,1A,RBT168,594,M,M,M,426,783,16.7,2.132822478,,0.56,NA,Male,SPERMIATING,M,1,1,4,3,7,,,,,0.987393171,792.9971795
18-Oct,03-Nov-18,5,MW-JC,1A,RBT169,14,U,U,M,198,81,0.4,0.49382716,,NA,NA,Male,,M,0,0,4,3,7,,,,,0.941541393,86.02914395
18-Oct,03-Nov-18,5,MW-JC,1A,RBT172,594,U,F,F,196,97,0.4,0.412371134,,0.2,NA,F2,,M,0,0,3,3,7,,,,,1.161203052,83.53405534
18-Oct,03-Nov-18,5,MW-JC,1A,RBT173,596,U,M,M,326,335,12.4,3.701492537,,0.62,NA,Male,,M,0,1,3,3,7,,,,,0.91751626,365.116145
18-Oct,04-Nov-18,6,MW-JC,1A,RBT194,19,U,M,M,330,381,12.4,3.254593176,,0.31,NA,Male,,M,0,1,3,3,7,,,,,1.007255968,378.2553911
18-Oct,04-Nov-18,6,MW-JC,1A,RBT195,598,U,M,M,187,83,5.8,6.987951807,,0.33,NA,Male,,M,0,1,3,3,7,,,,,1.138665232,72.89236349
18-Oct,04-Nov-18,6,MW-JC,1A,RBT223,602,M,M,M,330,395,15.6,3.949367089,,0.32,NA,Male,SPERMIATING,M,1,1,4,3,7,,,,,1.044267998,378.2553911
18-Oct,04-Nov-18,6,MW-JC,1A,RBT230,24,U,M,M,355,430,2.2,0.511627907,,0.35,NA,Male,,M,0,1,4,3,7,,,,,0.919905563,467.4392864
18-Oct,30-Oct-18,1,MW-JC,1C,RBT005,662,U,M,M,360,426,0.7,0.164319249,,0.43,3.68,Male,,M,0,1,6,4,8,,,,,0.921229604,462.4254348
18-Oct,30-Oct-18,1,MW-JC,1C,RBT006,85,U,M,M,320,282,0.4,0.141843972,,0.31,1.94,Male,,M,0,1,5,4,8,,,,,0.853888774,330.2537855
18-Oct,30-Oct-18,1,MW-JC,1C,RBT019,670,U,F,M,342,306,0.3,0.098039216,,0.16,1.99,Male,,M,0,0,6,4,8,,,,,0.766206177,399.3703119
18-Oct,30-Oct-18,1,MW-JC,1C,RBT020,94,U,F,M,425,499,1.1,0.220440882,,0.59,2.8,Male,,M,0,0,5,4,8,,,,,0.671484229,743.1298878
18-Oct,31-Oct-18,2,MW-JC,1C,RBT034,664,U,M,M,359,307,0.5,0.16286645,,0.38,NA,Male,,M,0,1,6,4,8,,,,,0.669189742,458.7637567
18-Oct,02-Nov-18,4,MW-JC,1B,RBT079,631,U,M,M,390,455,0.7,0.153846154,,0.7,NA,Male,,M,0,1,6,4,8,,,,,0.768165942,592.3199343
18-Oct,02-Nov-18,4,MW-JC,1B,RBT082,54,U,M,M,361,468,0.7,0.14957265,,0.43,NA,Male,,M,0,1,5,4,8,,,,,0.990325129,472.5720737
18-Oct,02-Nov-18,4,MW-JC,1B,RBT100,50,U,F,M,238,118,0.3,0.254237288,,0.28,NA,Male,,M,0,0,5,4,8,,,,,0.843865165,139.8327659
18-Oct,03-Nov-18,5,MW-JC,1A,RBT120,592,U,F,M,393,628,0.7,0.111464968,F1,0.45,NA,Male,,M,0,0,6,4,8,-10.876,2.899,0.125,1900,1.00046621,627.7073564
18-Oct,03-Nov-18,5,MW-JC,1A,RBT165,593,U,U,M,317,296,NA,,,0.26,NA,Male,,M,0,0,5,4,8,,,,,0.879240521,336.6541837
